Name,Type,City,Status,Details
2 DAUGHTERS PHOTOGRAPHY LLC,Limited Liability Company,WESTON,Not Active,Details
"2 VETS & A DAUGHTER, LLC",Limited Liability Company,SHENANDOAH JUNCTION,Not Active,Details
ANYTHING 4-2 DAUGHTERS CONTRACT SERVICES LLC,Limited Liability Company,CHARLESTON,Active,Details
BARBOURSVILLE CHAPTER OF THE NATIONAL SOCIETY OF THE DAUGHTERS OF THE AMERICAN REVOLUTION,Corporation,BARBOURSVILLE,Not Active,Details
"BERKELEY COUNTY CHAPTER NO. 264, UNITED DAUGHTERS OF THE CONFEDERACY, INC.",Corporation,MARTINSBURG,Not Active,Details
BUFORD CHAPTER DAUGHTERS OF THE AMERICAN REVOLUTION,Voluntary Association,HUNTINGTON,Active,Details
"CATHOLIC DAUGHTERS OF AMERICA # 784, HOME ASSOCIATION",Corporation,HUNTINGTON,Active,Details
CATHOLIC DAUGHTERS OF AMERICA COURT VICTORY 379 CORPORATION,Corporation,WESTON,Active,Details
CENTENNIAL CHAPTER OF DAUGHTERS OF AMERICAN PIONEERS,Corporation,PARKERSBURG,Active,Details
"CHIPPEWA COUNCIL, DAUGHTERS OF POCAHONTAS.",Corporation,MARTINSBURG,Not Active,Details
COAL MINER'S DAUGHTER RESTAURANT LLC,Limited Liability Company,BECKLEY,Not Active,Details
"COLONEL CHARLES LEWIS CHAPTER, NATIONAL SOCIETY, DAUGHTERS OF THE AMERICAN REVOLUTION",Corporation,POINT PLEASANT,Not Active,Details
COURT OF DELIBERATION DAUGHTERS OF SPHINX OF WEST VIRGINIA.,Corporation,CLARKSBURG,Not Active,Details
"CRAFTS BY MY MOTHER'S DAUGHTER, LLC",Limited Liability Company,NEW CUMBERLAND,Active,Details
"DAUGHTER OF THE KING MINISTRIES, INC.",Corporation,MORGANTOWN,Active,Details
DAUGHTERS OF CAMILLE CORP.,Corporation,HUNTINGTON,Not Active,Details
"DAUGHTERS OF UNION VETERANS OF THE CIVIL WAR, 1861-1865",Corporation,MASSILLON,Not Active,Details
"DAUGHTERS OF WISDOM, INCORPORATED",Corporation,RHODELL,Not Active,Details
DAUGHTERY FAMILY FARMS,, ,Active,Details
DENISE AND DAUGHTERS,, ,Active,Details
"DOTY DAUGHTERS, LLC",Limited Liability Company,CAMERON,Active,Details
"DUTCHMANS DAUGHTER, LLC",Limited Liability Company,WHITE HALL,Active,Details
FARMER'S DAUGHTERS GIFTS AND BOUTIQUE LLC,Limited Liability Company,SETH,Not Active,Details
FARMER'S DAUGHTERS LLC,Limited Liability Company,WHITESVILLE,Not Active,Details
FARMERS DAUGHTER SPECIALTY FOODS LLC,Limited Liability Company,MT. NEBO,Not Active,Details
FARMERS DAUGHTER SPECIALTY FOODS LLC,Trademarks,MOUNT NEBO,Not Active,Details
"FATHER AND DAUGHTERS, LLC",Limited Liability Company,HARPERS FERRY,Not Active,Details
"GOODWIN & DAUGHTERS, INCORPORATED",Corporation,HUNTINGTON,Not Active,Details
HOUSER & DAUGHTERS TRANSPORT,, ,Active,Details
HUDSON & DAUGHTERS LLC,Limited Liability Company,SOUTH CHARLESTON,Not Active,Details
INDEPENDENT ORDER OF RED MEN AND DAUGHTERS OF POCAHONTAS,Corporation,MONTGOMERY,Not Active,Details
"JEC & DAUGHTER, INC.",Corporation,CHARLES TOWN,Not Active,Details
"JULIA MORRIS WINTZ SCHOLARSHIP FUND OF THE WILLIAM MORRIS CHAPTER, NATIONAL SOCIETY DAUGHTERS OF THE AMER. REV., INC.",Corporation,SOUTH CHARLESTON,Not Active,Details
KANAWHA VALLEY CHAPTER DAUGHTERS OF THE AMERICAN REVOLUTION,Corporation,BELLE,Active,Details
"KING'S DAUGHTERS GENERAL HOSPITAL, INC.",Corporation,BECKLEY,Not Active,Details
"KING'S DAUGHTERS HEALTH SYSTEM, INC.",Corporation,ASHLAND,Not Active,Details
"KING'S DAUGHTERS SHELTER, INC.",Corporation,MARTINSBURG,Not Active,Details
KINGS DAUGHTERS COURT LLC,Limited Liability Company,LOS ANGELES,Active,Details
"KINGS DAUGHTERS GROUP LIVING, INC.",Corporation,MARTINSBURG,Not Active,Details
"KINGS DAUGHTERS HOUSING, INC.",Corporation,MARTINSBURG,Not Active,Details
"KINGS DAUGHTERS SHELTER, INC.",Corporation,MARTINSBURG,Not Active,Details
LEE TURLEY & DAUGHTERS DESIGNS LLC,Limited Liability Company,SAINT ALBANS,Not Active,Details
MORGAN AND DAUGHTER'S AUTO REPAIR,, ,Active,Details
MOTHER DAUGHTER PHOTOGRAPHY,, ,Active,Details
MS SALLY'S DAUGHTER LLC,Limited Liability Company,MORGANTOWN,Active,Details
"MY DAUGHTERS ATTIC, LLC",Limited Liability Company,HILLSBORO,Active,Details
"MY MOTHER'S DAUGHTER, LLC",Limited Liability Company,CLARKSBURG,Active,Details
"R B & DAUGHTER, INC.",Corporation,CROSS JUNCTION,Not Active,Details
"RUTH'S AND HATTIE'S GRANDDAUGHTER, LLC",Limited Liability Company,WINCHESTER,Active,Details
SANFORD AND DAUGHTER'S DETAIL LLC,Limited Liability Company,SISSONVILLE,Active,Details
SHE'S SOMEBODY'S DAUGHTER,Corporation,LEMOYNE,Active,Details
"SHENANDOAH TEMPLE NO. 913 DAUGHTER'S OF ELKS, INC.",Corporation,MARTINSBURG,Not Active,Details
SHEPHERDS DAUGHTER,, ,Active,Details
SOCIETY OF THE DAUGHTERS OF THE REVOLUTION IN WEST VIRGINIA,Corporation,WHEELING,Not Active,Details
"SONS & DAUGHTERS OF IRELAND, RIVER CITIES CHAPTER #1, INC.",Corporation,HUNTINGTON,Not Active,Details
STATE COUNCIL OF THE DAUGHTERS OF AMERICA OF THE STATE OF WEST VIRGINIA,Corporation,HUNTINGTON,Not Active,Details
STEELWORKERS DAUGHTER,, ,Active,Details
"SULTAN'S DAUGHTERS, LLC",Limited Liability Company,MORGANTOWN,Not Active,Details
THE CARPENTERS DAUGHTER,, ,Active,Details
THE FARMER'S DAUGHTER MARKET LLC,Limited Liability Company,CAPON BRIDGE,Active,Details
THE HIPPIE'S DAUGHTER,, ,Active,Details
THE INDEPENDENT ORDER OF RED MEN AND DAUGHTERS OF POCAHONTAS,Corporation,BLUEFIELD,Not Active,Details
"THE KING'S DAUGHTERS CHILD CARE CENTER, INC.",Corporation,WHEELING,Active,Details
THE KING'S DAUGHTERS NURSERY,Corporation,WHEELING,Not Active,Details
THE KING'S DAUGHTERS' HOSPITAL CIRCLE,Corporation,MARTINSBURG,Not Active,Details
"THE KINGS DAUGHTERS CIRCLE, INC.",Corporation,MARTINSBURG,Not Active,Details
THE PARSONS DAUGHTER,, ,Active,Details
THE SONS AND DAUGHTERS OF ENOCH OF AMERICA,Corporation,MARTINSBURG,Not Active,Details
"THE SONS AND DAUGHTERS OF EX-CONFEDERATE SOLDIERS, INC.",Corporation,AUGUSTA,Not Active,Details
"THE WEST VIRGINIA STATE SOCIETY OF THE NATIONAL SOCIETY DAUGHTERS OF THE AMERICAN REVOLUTION, INC.",Corporation,PARKERSBURG,Not Active,Details
THOMPSON AND DAUGHTERS HVAC REPAIR INC.,Corporation,INWOOD,Not Active,Details
THOMPSON AND DAUGHTERS REFRIGERATION,, ,Active,Details
"THREE DAUGHTERS, LLC",Limited Liability Company,RONCEVERTE,Active,Details
TOODAUGHTERS LLC,Limited Liability Company,LYBURN,Active,Details
WAYWARD DAUGHTER,, ,Active,Details
