Entity Number,Registration Date,Status,Entity Name,Jurisdiction,Agent for Service of Process
C0037465,3/30/1903,DISSOLVED,A. I. HALL & SON,CALIFORNIA,
C0042526,4/1/1905,SOS/FTB SUSPENDED,"PARKER & SON, INC.",CALIFORNIA,DAVID BLONDER
C0049572,3/8/1907,SOS/FTB SUSPENDED,J F HINK & SON,CALIFORNIA,CLYDE H DUNLAP JR
C0049815,3/25/1907,DISSOLVED,OSBORN AND SON,CALIFORNIA,NATALIE DAUBENBERGER
C0066911,11/15/1911,DISSOLVED,"W. A. BROWN AND SON, FUNERAL DIRECTORS, INC.",CALIFORNIA,
C0071601,12/26/1912,MERGED OUT,ANGELO & SON,CALIFORNIA,
C0076456,4/2/1914,DISSOLVED,E. J. STANTON AND SON (INC.),CALIFORNIA,"LEROY STANTON, JR"
C0086228,4/3/1918,FTB SUSPENDED,M KELLNER & SON LUMBER CO,CALIFORNIA,RAYMOND M. KELLNER
C0090142,12/31/1919,DISSOLVED,JOHN W KOEHL & SON INC,CALIFORNIA,
C0101561,12/16/1922,ACTIVE,"J. T. THORPE & SON, INC.",CALIFORNIA,MARK C STUTZMAN
C0108552,3/26/1924,DISSOLVED,A. E. TAYLOR & SON,CALIFORNIA,
C0108893,4/14/1924,DISSOLVED,W R BALLINGER AND SON,CALIFORNIA,
C0111742,11/25/1924,FTB SUSPENDED,CHAS LEVY & SON,CALIFORNIA,
C0126770,12/24/1927,SURRENDER,MORRIS P. KIRK & SON INC.,NEVADA,
C0130828,10/1/1928,DISSOLVED,S H TYLER & SON,CALIFORNIA,
C0137955,2/15/1930,FTB SUSPENDED,E. BERCOVICH & SON,CALIFORNIA,EDWARD BERCOVICH
C0140498,7/24/1930,FTB SUSPENDED,"FRASER & SON, LTD.",CALIFORNIA,
C0143661,3/4/1931,FTB SUSPENDED,"KELLY AND SON, LTD.",CALIFORNIA,
C0145433,7/6/1931,DISSOLVED,"M. SILBERT AND SON, LTD.",CALIFORNIA,FRANCES E SILBERT
C0149673,6/1/1932,SURRENDER,STEPHEN F WHITMAN & SON INCORPORATED,PENNSYLVANIA,
C0150476,8/4/1932,DISSOLVED,MORRIS AND SON,CALIFORNIA,MORRIS L CARR
C0151482,10/29/1932,ACTIVE,"S. C. JOHNSON & SON, INC.",WISCONSIN,C T CORPORATION SYSTEM (C0168406)
C0157500,2/26/1934,MERGED OUT,"BOORD & SON, LIMITED",DELAWARE,
C0167010,5/18/1936,ACTIVE,DICKINSON & SON,CALIFORNIA,BRUCE NORRIS DICKINSON
C0170757,3/29/1937,DISSOLVED,"W. O. NICOLAIDES & SON, INC.",CALIFORNIA,JOSEPH E. HARVEY
C0171456,5/20/1937,SOS/FTB SUSPENDED,"L. HART AND SON CO., INC.",CALIFORNIA,CLYDE H DUNLAP JR
C0177377,10/22/1938,DISSOLVED,GEORGE AFTERGOOD AND SON,CALIFORNIA,
C0178962,3/11/1939,DISSOLVED,SKILES AND SON BEAUTY SHOP,CALIFORNIA,
C0182639,2/9/1940,DISSOLVED,JOHN B. REEVES & SON,CALIFORNIA,JAMES H COERPER
C0184867,8/12/1940,SURRENDER,W.A. CASE & SON MANUFACTURING CO.,NEW YORK,
C0189263,11/8/1941,SURRENDER,"N. W. AYER & SON, INCORPORATED",DELAWARE,C T CORPORATION SYSTEM (C0168406)
C0191109,8/6/1942,ACTIVE,"LOUIS LEVIN & SON, INC.",CALIFORNIA,DALE ANDREW WAITE
C0192903,7/24/1943,SURRENDER,"A. P. SE SANNO & SON, INC.",NEVADA,
C0194129,2/7/1944,FTB SUSPENDED,"W. D. FISHER & SON, INC.",CALIFORNIA,
C0194381,3/9/1944,FTB SUSPENDED,TIM GRIFFIN AND SON FURNITURE CO.,CALIFORNIA,
C0198105,5/17/1945,SURRENDER,WILLIAM WINTER AND SON,WASHINGTON,
C0199589,9/21/1945,SURRENDER,"J. ROSENBAUM & SON, INC.",IOWA,
C0201104,12/19/1945,DISSOLVED,H.M. PARKER & SON,CALIFORNIA,
C0201199,12/24/1945,FTB SUSPENDED,A. J. PETERS & SON,CALIFORNIA,
C0201756,1/14/1946,DISSOLVED,WILBER AND SON,CALIFORNIA,
C0202245,1/31/1946,FTB SUSPENDED,ALBERT N. ADES & SON CO.,CALIFORNIA,
C0202921,2/21/1946,FTB SUSPENDED,"T.V. WALKER & SON, INC.",CALIFORNIA,
C0204816,4/22/1946,DISSOLVED,FRANK H. AYRES & SON,CALIFORNIA,DONALD B AYRES SR
C0206013,5/23/1946,DISSOLVED,"M. MALFITANO & SON, INC.",CALIFORNIA,
C0208141,7/25/1946,ACTIVE,"JOSEPH T. RYERSON & SON, INC.",DELAWARE,C T CORPORATION SYSTEM (C0168406)
C0208833,8/15/1946,FTB SUSPENDED,"TOM C. HINDS & SON, INC.",CALIFORNIA,
C0209396,9/3/1946,FTB SUSPENDED,"J. F. O'CONNOR & SON, INC.",CALIFORNIA,JOHN F O CONNER
C0210010,9/24/1946,MERGED OUT,"HOFFMAN AND SON, INC.",CALIFORNIA,
C0210413,10/7/1946,FTB SUSPENDED,JOHN L. WESTLAND & SON INC.,CALIFORNIA,
C0211014,10/28/1946,ACTIVE,MAURICE J. SOPP & SON,CALIFORNIA,RANDY SOPP
C0212085,12/5/1946,FTB SUSPENDED,SON LIT WAY HOUSE-HUIOS PHOS HODOS OIKOS,CALIFORNIA,
C0212334,12/14/1946,FTB SUSPENDED,"Z. B. BARKER & SON, INC.",CALIFORNIA,
C0212878,1/2/1947,DISSOLVED,W. R. DARLING & SON,CALIFORNIA,
C0215074,3/17/1947,MERGED OUT,"CHARLES D. WARNER & SON, INC.",CALIFORNIA,C T CORPORATION SYSTEM (C0168406)
C0215902,4/10/1947,MERGED OUT,"BRYCE SHERMAN AND SON, INC.",CALIFORNIA,
C0216152,4/18/1947,MERGED OUT,FRANK I. TOBIN AND SON,CALIFORNIA,HERBERT D TOBIN
C0217003,5/16/1947,FTB SUSPENDED,B. D. HOWES AND SON,CALIFORNIA,WILLIAM C ANDERSON
C0217843,6/14/1947,SOS/FTB SUSPENDED,"WM. A. PEET & SON, INCORPORATED",CALIFORNIA,LINDSAY PEET
C0218022,6/20/1947,DISSOLVED,R. GOOLD & SON,CALIFORNIA,B O SNYDER
C0221450,10/24/1947,DISSOLVED,"WALTER G. NOACK & SON, INC.",CALIFORNIA,
C0223744,1/12/1948,ACTIVE,"F. W. SPENCER & SON, INC.",CALIFORNIA,ZACKARY SPENCER
C0223883,1/14/1948,DISSOLVED,"HALL & SON, INC.",CALIFORNIA,FRANK H HALL
C0225043,2/24/1948,FTB FORFEITED,ARCHIE MCFARLAND & SON,UTAH,
C0225532,3/10/1948,FTB SUSPENDED,CHARLES LEPICIER & SON,CALIFORNIA,
C0225961,3/24/1947,FTB SUSPENDED,W. G. JOHNSON & SON TILE CO.,CALIFORNIA,
C0226838,4/22/1948,DISSOLVED,"WILLIAM GELFAN & SON, INC.",CALIFORNIA,DANIEL GELFAN
C0226925,4/26/1948,ACTIVE,SON-NEL PRODUCTS CO.,CALIFORNIA,
C0227145,4/30/1948,FTB SUSPENDED,"BOREN & SON, INC.",CALIFORNIA,
C0227156,5/1/1948,SURRENDER,ARTHUR GUINNESS SON & CO. BREWING CORPORATION,NEW YORK,
C0227157,5/1/1948,FTB SUSPENDED,BOLLONG & SON FURNITURE CO.,CALIFORNIA,
C0227597,5/17/1948,FTB SUSPENDED,"JOHNSTON & SON, INC.",CALIFORNIA,
C0228170,6/10/1948,FTB SUSPENDED,THEO. ORESMAN & SON MFG. CO.,CALIFORNIA,
C0228294,6/14/1948,DISSOLVED,D. C. ESSLEY AND SON,CALIFORNIA,WAYNE C WILSON
C0228873,7/3/1948,FTB SUSPENDED,"FRED HELD AND SON, INC.",CALIFORNIA,ARTHUR A MAYFIELD
C0228934,7/7/1948,FTB SUSPENDED,"JOSEPH M. ROUSH & SON, INC.",CALIFORNIA,
C0229052,7/12/1948,FTB SUSPENDED,"KLEEFELD & SON CONSTRUCTION CO., INC.",CALIFORNIA,TRAVIS KLEEFELD
C0229990,8/19/1948,DISSOLVED,"WEBER AND SON, INC.",CALIFORNIA,
C0230330,8/31/1948,DISSOLVED,"A. D. MITCHELL AND SON, INC.",CALIFORNIA,DECATUR W MITCHELL
C0231674,10/28/1948,ACTIVE,"KARL SAPPER AND SON, INC.",CALIFORNIA,ALFRED J SAPPER
C0232055,11/12/1948,ACTIVE,"MEANLEY & SON, INC.",CALIFORNIA,ROBERT P MEANLEY
C0234455,2/28/1949,FTB SUSPENDED,"BOLYARD AND SON, INC.",CALIFORNIA,
C0234984,3/23/1949,DISSOLVED,"E. B. MANNING & SON, INC.",CALIFORNIA,ALVIN H JOHNSON
C0240055,10/31/1949,FTB SUSPENDED,"S. O. BARNES & SON, INC.",CALIFORNIA,
C0241248,12/22/1949,DISSOLVED,"JOHN R. DAVIES & SON, INC.",CALIFORNIA,"JOHN R. DAVIES, JR."
C0241451,1/3/1950,SURRENDER,ARCHIBALD HOLMES & SON,PENNSYLVANIA,
C0242226,1/31/1950,DISSOLVED,ROSS THIELE & SON,CALIFORNIA,ELIZABETH BARKETT
C0242253,2/1/1950,DISSOLVED,"J. R. MCMONIES & SON, INC.",CALIFORNIA,
C0242897,2/27/1950,FTB SUSPENDED,STEVENSON & SON,CALIFORNIA,DAVID L ANDERSON
C0244524,4/21/1950,DISSOLVED,FRANK WAGNER & SON,CALIFORNIA,
C0245560,5/26/1950,FTB SUSPENDED,"FIRST BAPTIST CHURCH OF THE DISCIPLES OF JESUS CHRIST, SON OF THE LIVING GOD",CALIFORNIA,
C0246521,6/30/1950,FTB SUSPENDED,"JOSEPH MCFADDEN & SON, INC.",CALIFORNIA,
C0246680,7/6/1950,SURRENDER,"HORRELL & SON, INC.",NEVADA,
C0247992,9/1/1950,DISSOLVED,E. L. EGGER & SON,CALIFORNIA,RAMON M. BRINKMAN
C0251194,1/29/1951,DISSOLVED,BEN FISH & SON,CALIFORNIA,
C0251386,2/5/1951,DISSOLVED,H. P. PARKER AND SON,CALIFORNIA,RICHARD F PARKER JR
C0253018,4/6/1951,MERGED OUT,BOYLE & SON,CALIFORNIA,
C0253159,4/12/1951,DISSOLVED,SON & PRINS COMPANY OF CALIFORNIA,CALIFORNIA,
C0253469,4/23/1951,FTB SUSPENDED,"TANGVALD & SON, INC.",CALIFORNIA,
C0255354,7/6/1951,DISSOLVED,"JOHN M. ANSLINGER & SON, INCORPORATED",CALIFORNIA,
C0255494,7/14/1951,DISSOLVED,"F. J. LEONARDO & SON, INC.",CALIFORNIA,SUSAN L HENSLEY
C0256204,8/17/1951,DISSOLVED,BUTLER AND SON,CALIFORNIA,MARGARET F NUGENT
C0256605,9/4/1951,FTB SUSPENDED,"W. F. NELSON AND SON CONSTRUCTION EQUIPMENT COMPANY, A CORPORATION",CALIFORNIA,
C0257851,11/1/1951,DISSOLVED,E A CORUM & SON INVESTMENT CORPORATION,CALIFORNIA,
C0259242,1/2/1952,FTB SUSPENDED,"BEN GOODMAN & SON OF CALIFORNIA, INC.",CALIFORNIA,
C0259296,1/2/1952,FTB FORFEITED,J H WELSH & SON CONTRACTING CO,ARIZONA,ROBERT S FEDER
C0260873,3/4/1952,ACTIVE,S. SLATER & SON,CALIFORNIA,MORDECHAI WINTER
C0261001,3/7/1952,SOS/FTB SUSPENDED,E E RICHTER AND SON,CALIFORNIA,ROY E RICHTER
C0261801,4/3/1952,DISSOLVED,"CHARLES A. LANGLAIS & SON, INC.",CALIFORNIA,
C0263664,6/2/1952,DISSOLVED,SON-NEL SUPPLY CORPORATION,CALIFORNIA,
C0264011,6/13/1952,DISSOLVED,"J. A. THOMPSON & SON, INC.",CALIFORNIA,MARC LAULHERE
C0264737,7/7/1952,FTB SUSPENDED,DALFONSO AND SON INC,CALIFORNIA,
C0265015,7/17/1952,DISSOLVED,"JOSEPH L. LOPES & SON, INCORPORATED",CALIFORNIA,
C0265327,7/30/1952,FTB SUSPENDED,"NEGLEY AND SON, INC.",CALIFORNIA,
C0266116,8/26/1952,FTB SUSPENDED,"CARL LAMBLE & SON, INC.",CALIFORNIA,
C0266282,9/2/1952,FTB SUSPENDED,W. F. RAY & SON.,CALIFORNIA,
C0266298,9/2/1952,FTB SUSPENDED,"FLOYD H. DAVIS AND SON, INC.",CALIFORNIA,
C0267104,10/1/1952,FTB SUSPENDED,BURRIDGE & SON,CALIFORNIA,
C0267411,10/10/1952,DISSOLVED,NORTON & SON OF CALIFORNIA INC,CALIFORNIA,FRANK SCANLAND
C0268862,11/28/1952,ACTIVE,"VIDO ARTUKOVICH AND SON, INC.",CALIFORNIA,A P ARTUKOVICH
C0269698,1/2/1953,MERGED OUT,SON-NEL MANUFACTURING COMPANY,CALIFORNIA,
C0269896,1/7/1953,SURRENDER,"M. L. SNYDER & SON, INC.",PENNSYLVANIA,
C0270472,1/26/1953,MERGED OUT,"GRIFFIN AND SON, INC.",CALIFORNIA,
C0272362,3/23/1953,MERGED OUT,"LAWRENCE A. FORD & SON, INC.",CALIFORNIA,"L A FORD, JR."
C0272539,3/26/1953,FTB SUSPENDED,"WALLIS & SON, INC.",CALIFORNIA,
C0272987,4/8/1953,DISSOLVED,"CHRIS HEINSBERGEN JR., AND SON, INC.",CALIFORNIA,CHRIS HEINSBERGEN
C0273877,5/1/1953,DISSOLVED,"BENJAMIN F. WININGER & SON, INC.",CALIFORNIA,FRANK WININGER
C0275976,7/1/1953,MERGED OUT,"B. C. WALLACE & SON, INC.",CALIFORNIA,JOHN D KIPP
C0275989,7/1/1953,FTB SUSPENDED,"COOPER AND SON ENGINEERING, INC.",CALIFORNIA,
C0277607,8/21/1953,MERGED OUT,N. B. OWEN & SON,CALIFORNIA,
C0278788,10/2/1953,DISSOLVED,ARMSTRONG & SON.,CALIFORNIA,
C0282749,2/5/1954,FTB SUSPENDED,"LYMAN W. NOYES & SON, INC.",CALIFORNIA,
C0283366,2/24/1954,SOS/FTB SUSPENDED,"RALPH LARSEN & SON, INC.",CALIFORNIA,DONALD A TEIXEIRA
C0284084,3/15/1954,DISSOLVED,"MOISI AND SON TRUCKING, INC.",CALIFORNIA,L N FINE
C0284475,3/26/1954,ACTIVE,"OBEXER AND SON, INC.",CALIFORNIA,SARAH L OBEXER
C0285208,4/13/1954,FTB SUSPENDED,"TOM BROMLEY & SON INSURANCE, INC.",CALIFORNIA,
C0286607,5/17/1954,SURRENDER,"LEROY L. WADE & SON, INC.",NEBRASKA,
C0287109,5/28/1954,DISSOLVED,W. SORENSEN & SON,CALIFORNIA,
C0287140,6/1/1954,DISSOLVED,"A. S. HOLMES & SON, INC.",CALIFORNIA,
C0287423,6/7/1954,DISSOLVED,"HARRY VINNICOF AND SON THEATRES, INC.",CALIFORNIA,
C0288156,6/23/1954,DISSOLVED,"A.P. DE SANNO AND SON, INC.",CALIFORNIA,
C0288424,6/30/1954,DISSOLVED,A. F. ESCOBAR & SON,CALIFORNIA,
C0289897,8/6/1954,FTB SUSPENDED,"A. J. PADELFORD & SON, INCORPORATED",CALIFORNIA,
C0289903,8/6/1954,FTB SUSPENDED,WATSON & SON PLASTERING COMPANY,CALIFORNIA,
C0290452,8/23/1954,FTB SUSPENDED,"A. GALLERANI & SON, INC.",CALIFORNIA,
C0291199,9/13/1954,DISSOLVED,G H SLACK & SON,CALIFORNIA,G H SLACK
C0291857,9/29/1954,FTB SUSPENDED,A. MITCHELL & SON,CALIFORNIA,
C0292633,10/15/1954,FTB SUSPENDED,"M. J. RUDDY & SON, INC.",CALIFORNIA,
C0293470,11/3/1954,FTB SUSPENDED,"BOYAR AND SON #1, INC.",CALIFORNIA,
C0293471,11/3/1954,FTB SUSPENDED,"BOYAR AND SON #2, INC.",CALIFORNIA,
C0295293,12/15/1954,FTB SUSPENDED,"COLLINS & SON, INC.",CALIFORNIA,
C0299826,3/16/1955,DISSOLVED,"BILL WITTNER AND SON, INC.",CALIFORNIA,
C0300897,4/4/1955,DISSOLVED,THE BEAN SON CO.,CALIFORNIA,
C0301020,4/16/1955,ACTIVE,J. W. BURCH & SON,CALIFORNIA,CATHERINE BURCH GAGE
C0301720,4/19/1955,FTB SUSPENDED,AL MEGGS & SON,CALIFORNIA,
C0303449,5/20/1955,DISSOLVED,"SIEMON & SON, INC.",CALIFORNIA,
C0303541,5/23/1955,SOS/FTB SUSPENDED,"PEARMAN & SON, INC.",CALIFORNIA,FLORENCE PEARMAN
C0303829,5/27/1955,ACTIVE,C. E. TOLAND & SON,CALIFORNIA,C.E. TOLAND
C0304195,6/6/1955,FTB SUSPENDED,"CECCOTTI AND SON OF MARIN, INC.",CALIFORNIA,
C0306365,7/15/1955,FTB SUSPENDED,"RADFORD & SON, INC.",CALIFORNIA,JOHN L RADFORD JR
C0306496,7/19/1955,DISSOLVED,"ROBINSON & SON, INC.",CALIFORNIA,ROBERT ROBINSON
C0309724,9/27/1955,DISSOLVED,"KEUSDER & SON, INC.",CALIFORNIA,
C0311071,10/25/1955,DISSOLVED,OLIVER W. SCOTT & SON EXCAVATING AND GRADING CORPORATION,CALIFORNIA,
C0311072,10/25/1955,DISSOLVED,OLIVER W. SCOTT & SON MANAGEMENT CORP.,CALIFORNIA,
C0311277,10/28/1955,FTB SUSPENDED,"C. K. MOSEMAN & SON, INC.",CALIFORNIA,RICHARD N MOSEMAN
C0311559,11/4/1955,SURRENDER,WALTER STRAUS AND SON,TEXAS,
C0311821,11/14/1955,DISSOLVED,LYLE A. HOSKIN & SON WATER SPORTS EQUIPMENT,CALIFORNIA,
C0313005,12/12/1955,DISSOLVED,LUSK & SON DEVELOPERS,CALIFORNIA,
C0313841,1/3/1956,DISSOLVED,"ROSS R. DAVIS & SON, INC.",CALIFORNIA,
C0313933,1/3/1956,MERGED OUT,M. E. SUMMERS AND SON,CALIFORNIA,TIMOTHY M SUMMERS
C0314347,1/11/1956,DISSOLVED,"HOFFMAN AND SON, INC.",CALIFORNIA,PHILIP R. HOFFMAN
C0314525,1/16/1956,FTB FORFEITED,"W. J. JONES & SON, INC.",OREGON,
C0316770,3/1/1956,DISSOLVED,"H.W. GRIMES AND SON, INC.",CALIFORNIA,JOHN H GRIMES
C0319975,5/1/1956,FTB SUSPENDED,SNYDER & SON,CALIFORNIA,ROBERT SNYDER
C0320034,5/1/1956,FTB SUSPENDED,FATHER AND SON BUDDY CLUB OF HOLLYWOOD,CALIFORNIA,
C0320120,5/2/1956,DISSOLVED,"HARRY A. NAUMAN & SON, INC.",CALIFORNIA,GUY G HEILMAN
C0320604,5/11/1956,FTB SUSPENDED,ROSS LEE & SON,CALIFORNIA,
C0321883,6/6/1956,DISSOLVED,ROY JAMESON & SON,CALIFORNIA,DAROL R JAMESON
C0324437,7/25/1956,DISSOLVED,FRANK FISHER AND SON,CALIFORNIA,
C0324498,7/27/1956,DISSOLVED,"DUTRA AND SON, INC.",CALIFORNIA,DEOLINDA M DUTRA
C0324785,8/1/1956,FTB SUSPENDED,JOHN L. FELLOWS & SON,CALIFORNIA,HOWARD SECOF
C0324985,8/6/1956,FTB SUSPENDED,"FATHER AND SON, INC.",CALIFORNIA,
C0325291,8/13/1956,DISSOLVED,"OLIVER W. SCOTT & SON, INC.",CALIFORNIA,
C0326011,8/28/1956,DISSOLVED,FRITZ B. BURNS & SON,CALIFORNIA,
C0326238,9/4/1956,ACTIVE,BEARDSLEY & SON,CALIFORNIA,MELINDA LEE WISEMAN
C0327199,9/25/1956,DISSOLVED,D M STEELE & SON INC,CALIFORNIA,ALISON MCGILL
C0327511,10/1/1956,FTB FORFEITED,"SPALDING & SON, INCORPORATED",OREGON,LARRY BACON
C0327575,10/2/1956,DISSOLVED,"V. MAGGIORIA & SON, INC.",CALIFORNIA,
C0327666,10/4/1956,FTB SUSPENDED,ABE PETERS & SON COMPANY,CALIFORNIA,
C0329396,11/13/1956,DISSOLVED,"DAV-SON, INC.",CALIFORNIA,WILLIAM P LIPHARDT
C0330028,11/28/1956,DISSOLVED,"WARD & SON, INC.",CALIFORNIA,
C0330575,12/11/1956,ACTIVE,"DEVINE & SON TRUCKING CO., INC.",CALIFORNIA,DANIEL J COYLE
C0332308,1/17/1957,DISSOLVED,"GOLDEN & SON LUMBER CO., INC.",CALIFORNIA,
C0332413,1/18/1957,FTB SUSPENDED,"STEPHEN L. VISTICA & SON, INC.",CALIFORNIA,
C0332817,1/28/1957,FTB SUSPENDED,"BO-SON, INC.",CALIFORNIA,
C0334015,2/20/1957,ACTIVE,MORRIS LEVIN AND SON,CALIFORNIA,DAVID ATLAS
C0334377,2/28/1957,DISSOLVED,"F. A. GOPLEN & SON, INC.",CALIFORNIA,JOHN GOPLEN
C0334462,3/4/1957,DISSOLVED,"ROY C. ADDLEMAN & SON FUNERAL HOME, INC.",CALIFORNIA,WILLIAM R. ADDLEMAN
C0335791,3/27/1957,SOS/FTB SUSPENDED,"ROBERT MCMULLAN & SON, INC.",CALIFORNIA,WILLIAM HILLYER
C0337531,5/1/1957,FTB SUSPENDED,SON OF GOD HOLY MISSIONARY BAPTIST CHURCH,CALIFORNIA,
C0340360,6/27/1957,FTB SUSPENDED,"C. E. VESY & SON, INC.",CALIFORNIA,
C0341101,7/12/1957,FTB SUSPENDED,"C. J. FIGONE & SON, INC.",CALIFORNIA,LAWRENCE J BRUSCHINI
C0341108,7/12/1957,ACTIVE,WIEFELS & SON,CALIFORNIA,MARK J MATTHEWS
C0341750,7/26/1957,FTB SUSPENDED,"3HAFER & SON FOUNDRY, INC.",CALIFORNIA,
C0341922,7/31/1957,FTB SUSPENDED,"TIM-SON, INC.",CALIFORNIA,
C0342719,8/19/1957,DISSOLVED,FATHER & SON METAL POLISHING & PLATING CO.,CALIFORNIA,ROBERT MALE
C0344895,10/4/1957,FTB SUSPENDED,E B CRISTIANO AND SON,CALIFORNIA,
C0346733,11/20/1957,DISSOLVED,"A. M. DONAHER & SON, INC.",CALIFORNIA,RICHARD DONAHER
C0346804,11/21/1957,SOS/FTB SUSPENDED,"E. C. MORRIS & SON, INC.",CALIFORNIA,W R MORRIS
C0346940,11/25/1957,DISSOLVED,"GROSSMAN & SON BRUSH & CHEMICAL COMPANY, INC.",CALIFORNIA,
C0347900,12/18/1957,ACTIVE,"ROBERT & SON, INC.",CALIFORNIA,ROBERT H NII
C0348424,1/2/1958,DISSOLVED,WALLIN & SON FUNERAL HOME,CALIFORNIA,C O WALLIN
C0348670,1/7/1958,DISSOLVED,"ED H. BUSH & SON, INC.",CALIFORNIA,
C0349574,1/28/1958,FTB SUSPENDED,"JOHN REISE & SON, INC.",CALIFORNIA,
C0350013,2/6/1958,FTB FORFEITED,KARL HALLER & SON,NEVADA,
C0351083,2/28/1958,SURRENDER,"S. YELLIN & SON, INC.",PENNSYLVANIA,
C0351243,3/4/1958,FTB SUSPENDED,"L. N. JOHNSON & SON, INC.",CALIFORNIA,
C0352058,3/20/1958,FTB SUSPENDED,"BO-SON EQUIPMENT CO., INC.",CALIFORNIA,
C0352819,4/7/1958,FTB SUSPENDED,BAXTER & SON,CALIFORNIA,
C0352833,4/7/1958,DISSOLVED,"WALLACE WEBB & SON CONSTRUCTION CO., INC.",CALIFORNIA,GWENDOLYNN H WEBB
C0353201,4/15/1958,DISSOLVED,"E. A. POTTS & SON, INC.",CALIFORNIA,ROBERT HOFFMAN
C0354383,5/12/1958,DISSOLVED,FRANK H. AYRES & SON CONSTRUCTION CO.,CALIFORNIA,DONALD B. AYRES
C0354694,5/16/1958,DISSOLVED,"WM. A. BIGGS AND SON, INC.",CALIFORNIA,WILLIAM A. BIGGS
C0355403,6/2/1958,DISSOLVED,"PIMENTEL & SON, INC.",CALIFORNIA,
C0356516,6/25/1958,FTB SUSPENDED,"EVANS & SON, INCORPORATED",CALIFORNIA,
C0357378,7/14/1958,DISSOLVED,H. S. MEINBERGER & SON,CALIFORNIA,ROSE M. MEINBERGER
C0358472,8/6/1958,DISSOLVED,"E. G. HELLER'S SON, INC.",CALIFORNIA,RICHARD G HELLER
C0358866,8/14/1958,FTB SUSPENDED,"MILT CROMPTON & SON PLATING, INC.",CALIFORNIA,
C0358966,8/15/1958,FTB SUSPENDED,"E. R. COMBS & SON, INC.",CALIFORNIA,DAVID B COMBS
C0359648,9/2/1958,SURRENDER,"A. H. BARBOUR & SON, INC.",OREGON,
C0359776,9/4/1958,ACTIVE,"S. E. BRIGGS & SON, INC.",CALIFORNIA,MICHAEL R BRIGGS
C0360011,9/10/1958,FTB SUSPENDED,"HOMER CROY & SON, INC.",CALIFORNIA,
C0362103,10/20/1958,MERGED OUT,"BRI-SON COMPANY, INC.",CALIFORNIA,
C0363476,11/14/1958,ACTIVE,ELSIE M FINLEY & SON INC,CALIFORNIA,ELSIE M FINLEY
C0363820,11/20/1958,FTB SUSPENDED,"MAX HANSEN AND SON, INC.",CALIFORNIA,KAREN A HANSEN
C0364121,11/25/1958,FTB SUSPENDED,JOHN STRONA AND SON,CALIFORNIA,
C0364646,12/5/1958,FTB SUSPENDED,"LAMBRIX & SON MFG. CO., INC.",CALIFORNIA,
C0365394,12/18/1958,MERGED OUT,"JOHN E. BRANAGH & SON, INC.",CALIFORNIA,
C0365779,12/26/1958,DISSOLVED,"J. GORMAN & SON, INC.",CALIFORNIA,GARY R GORMAN
C0366492,1/7/1959,ACTIVE,R. E. NOLAN AND SON,CALIFORNIA,ELLIE NOLAN
C0366493,1/7/1959,FTB SUSPENDED,"W. B. MORRIS & SON, PAINTING CONTRACTORS",CALIFORNIA,L G HITCHCOCK
C0366708,1/12/1959,FTB SUSPENDED,JOHN G. TARANTINO & SON,CALIFORNIA,
C0366772,1/12/1959,FTB SUSPENDED,"C. COSTAMAGNA & SON, INC.",CALIFORNIA,RICK COSTAMAGNA
C0366904,1/14/1959,DISSOLVED,"CASSOTTI & SON, INC.",CALIFORNIA,
C0367026,1/15/1959,DISSOLVED,E C LOOMIS & SON INSURANCE AGENCY,CALIFORNIA,
C0367339,1/21/1959,FTB SUSPENDED,REE-SON CORPORATION,CALIFORNIA,
C0367491,1/23/1959,FTB SUSPENDED,"RAY R. SWEET & SON, INC.",CALIFORNIA,
C0367629,1/26/1959,DISSOLVED,"SUMNER & SON TRANSPORT, INC.",CALIFORNIA,DARLENE D SUMNER
C0367993,2/2/1959,MERGED OUT,E C LOOMIS & SON OF SAN LUIS OBISPO,CALIFORNIA,
C0367994,2/2/1959,MERGED OUT,E. C. LOOMIS & SON OF ARROYO GRANDE,CALIFORNIA,DAVID H LOOMIS
C0368229,2/3/1959,FTB SUSPENDED,MORGAN AND SON,CALIFORNIA,
C0368405,2/6/1959,FTB SUSPENDED,"UNIVERSAL CENTER OF THE GOLDEN SON, INC.",CALIFORNIA,
C0369297,2/20/1959,ACTIVE,"ALLEN T. MITCHELL & SON, INC.",CALIFORNIA,ANNE M MITCHELL
C0369324,2/20/1959,DISSOLVED,"G. H. BATCHELOR & SON, INC.",CALIFORNIA,
C0369650,2/26/1959,DISSOLVED,"S. J. DOWLING & SON, INC.",CALIFORNIA,
C0371529,3/23/1959,FTB SUSPENDED,W. C. WYCKOFF & SON,CALIFORNIA,
C0372225,4/3/1959,FTB SUSPENDED,"SAM LOTA & SON DISTRIBUTING CO., INC.",CALIFORNIA,NICK G ZOULAS
C0373825,4/27/1959,FTB FORFEITED,GEO M BREWSTER & SON INC,NEW JERSEY,
C0374041,4/28/1959,ACTIVE,"E. P. MADIGAN & SON, INC.",CALIFORNIA,EDWARD EUGENE MADIGAN
C0374222,5/1/1959,DISSOLVED,"MIKE BRUSSA & SON, INC.",CALIFORNIA,JAMES L BRUSSA
C0376122,5/27/1959,DISSOLVED,"ROMEIRO & SON, INC.",CALIFORNIA,
C0376714,6/4/1959,FTB SUSPENDED,"PARKER & SON PUBLICATIONS, INC.",CALIFORNIA,"WILLIAM L GRIFFIN, JR."
C0376888,6/8/1959,FTB SUSPENDED,J. J. ADAMS & SON INC.,CALIFORNIA,
C0377960,6/22/1959,ACTIVE,"J. G. TUCKER & SON, INC",CALIFORNIA,DAVID CRAIG TUCKER
C0378440,7/1/1959,DISSOLVED,"FRANK E. CONNELL & SON, INC.",CALIFORNIA,GENE N CONNELL
C0378474,7/1/1959,ACTIVE,CHUBB & SON INC.,NEW YORK,C T CORPORATION SYSTEM (C0168406)
C0379550,7/16/1959,MERGED OUT,OWEN T. RICE & SON,CALIFORNIA,OWEN S RICE
C0379690,7/20/1959,DISSOLVED,"C. G. SAYLER & SON, INC.",CALIFORNIA,
C0380707,8/5/1959,FTB SUSPENDED,"SYKES & SON EQUIPMENT CO., INC.",CALIFORNIA,
C0381350,8/13/1959,ACTIVE,"MEDLIN AND SON ENGINEERING SERVICE, INC.",CALIFORNIA,SUSAN L MEDLIN
C0381989,8/26/1959,FTB SUSPENDED,"BERT LOOMIS & SON, INC.",CALIFORNIA,
C0382434,9/3/1959,FTB SUSPENDED,"CAMPBELL & SON, INCORPORATED",CALIFORNIA,
C0384025,10/5/1959,DISSOLVED,"KARAHADIAN AND SON, INC.",CALIFORNIA,MILTON KARAHADIAN
C0384056,10/5/1959,FTB SUSPENDED,JOHNSON AND SON IMPORTS,CALIFORNIA,
C0384828,10/20/1959,FTB SUSPENDED,"BRI-SON ELECTRONICS, INC.",CALIFORNIA,
C0385456,10/30/1959,FTB SUSPENDED,"WILLIAM RUSSELL & SON, INCORPORATED",CALIFORNIA,
C0386455,11/19/1959,DISSOLVED,"BILL PARRY & SON, INC.",CALIFORNIA,GAIL JOHNSON
C0386682,11/24/1959,SOS/FTB FORFEITED,"M. ROSENBLATT & SON, INC.",NEW YORK,C T CORPORATION SYSTEM (C0168406)
C0386725,11/25/1959,FTB SUSPENDED,"AART A. SMITH & SON, INC.",CALIFORNIA,
C0386945,11/30/1959,FTB SUSPENDED,"PETE CRISTICH AND SON, INC.",CALIFORNIA,
C0387164,12/3/1959,DISSOLVED,"H. M. GREENFIELD & SON, INC.",CALIFORNIA,JAMES J. LA CROIX
C0387725,12/14/1959,DISSOLVED,"H. C. BARNER & SON, INC.",CALIFORNIA,CHARLES S BARNER
C0387822,12/16/1959,DISSOLVED,P. R. WELCH & SON,CALIFORNIA,
C0388152,12/23/1959,MERGED OUT,"J.H. COFFMAN & SON, INC. OF LOS ANGELES",CALIFORNIA,WILLIAM L. SCHANZ
C0390350,1/29/1960,DISSOLVED,"B. N. BACON & SON, INC.",CALIFORNIA,
C0390452,2/1/1960,DISSOLVED,E. A. CORUM & SON BUILDERS,CALIFORNIA,ROBERT E TARBELL
C0391072,2/15/1960,DISSOLVED,FRED G. WALTER & SON,CALIFORNIA,DOLORES J WALTER
C0391331,2/19/1960,FTB SUSPENDED,"C. A. EMERY & SON, INC.",CALIFORNIA,
C0392175,3/4/1960,FTB SUSPENDED,"H. C. VALENTINE AND SON, INC.",CALIFORNIA,ANTHONY L VALENTINE
C0392648,3/14/1960,FTB SUSPENDED,"C. G. THOMAS & SON, INC.",CALIFORNIA,
C0393422,3/28/1960,DISSOLVED,"S. W. BUCHER & SON, INC.",CALIFORNIA,
C0394035,4/4/1960,DISSOLVED,"VOY-REL-SON, INC.",CALIFORNIA,
C0394102,4/5/1960,FTB SUSPENDED,"W. R. & SON, INC.",CALIFORNIA,
C0394548,4/13/1960,FTB SUSPENDED,"S. H. JOHNSON & SON, INC.",CALIFORNIA,
C0395002,4/22/1960,DISSOLVED,"WAGNER & SON, INC.",CALIFORNIA,JUNE BEDFORD
C0395285,4/28/1960,DISSOLVED,"A. L. GALLI & SON, INC.",CALIFORNIA,LOUISE GALLI
C0396476,5/19/1960,FTB SUSPENDED,B D HOWES AND SON OF ARIZONA,CALIFORNIA,DURWARD HOWES III
C0398584,6/28/1960,DISSOLVED,F. E. GEORGE & SON,CALIFORNIA,
C0398750,7/1/1960,FTB SUSPENDED,"WARD MAHER & SON, INC.",CALIFORNIA,"MICHAEL W. MAHER, SR."
C0398871,7/1/1960,MERGED OUT,"E. B. STONE & SON, INC.",CALIFORNIA,BRADFORD G CRANDALL
C0399285,7/8/1960,FTB SUSPENDED,"CHAS. H. SCHIERMEYER & SON, INC.",CALIFORNIA,DAVID FRANCIS SCHIERMEYER
C0399587,7/14/1960,DISSOLVED,GHARTZELL & SON,CALIFORNIA,ANDREW MCLVER
C0400218,7/28/1960,ACTIVE,"GEORGE DAKOVICH & SON, INC.",CALIFORNIA,DANIEL DAKOVICH
C0401187,8/17/1960,DISSOLVED,W. L. WATSON & SON,CALIFORNIA,L CHRISTINE WATSON
C0401540,8/25/1960,DISSOLVED,AARON ROSENBLUM & SON,CALIFORNIA,
C0402355,9/14/1960,DISSOLVED,"HAMRICK & SON, INC.",CALIFORNIA,C H HAMRICK
C0402424,9/14/1960,MERGED OUT,"W.E. HOFFMAN AND SON ELECTRIC, INC.",CALIFORNIA,
C0403412,10/4/1960,DISSOLVED,WIEFELS & SON BANNING,CALIFORNIA,HOWARD H WIEFELS
C0403413,10/4/1960,DISSOLVED,WIEFELS & SON TWENTYNINE PALMS,CALIFORNIA,HOWARD H WIEFELS
C0403419,10/4/1960,DISSOLVED,WIEFELS & SON PALM SPRINGS,CALIFORNIA,MARK MATTHEWS
C0406273,12/8/1960,DISSOLVED,"RAYMOND A. RUTTER & SON, INC.",CALIFORNIA,
C0406894,12/22/1960,DISSOLVED,"PHILIP L. OTT & SON, INC.",CALIFORNIA,
C0408723,1/31/1961,DISSOLVED,"ADAM ARRAS & SON, INC.",CALIFORNIA,
C0409137,2/7/1961,FTB SUSPENDED,"A. G. LANTZ & SON, INC.",CALIFORNIA,
C0409449,2/10/1961,DISSOLVED,N. H. SJOBERG & SON,CALIFORNIA,RICHARD H. SJOBERG
C0410159,3/1/1961,ACTIVE,LAUPPE & SON,CALIFORNIA,DARYL LORRIS LAUPPE
C0413463,5/2/1961,FTB SUSPENDED,"THE HOLY TABERNACLE OF THE FATHER, SON AND HOLY GHOST",CALIFORNIA,
C0414342,5/19/1961,DISSOLVED,"WILLIAM SEIDNER & SON, INC.",CALIFORNIA,
C0414548,5/25/1961,FTB FORFEITED,"GODNICK & SON, INC.",NEW YORK,
C0414742,5/29/1961,FTB SUSPENDED,"MONTANK & SON, INC.",CALIFORNIA,NEAL MONTANK JR
C0414842,5/31/1961,FTB SUSPENDED,"CARL SJOBERG & SON, INC.",CALIFORNIA,
C0414880,6/1/1961,FTB SUSPENDED,A. L. LOCK & SON,CALIFORNIA,
C0415829,6/19/1961,FTB SUSPENDED,JACK ROUSE & SON,CALIFORNIA,WILLIAM ROUSE
C0416155,6/26/1961,DISSOLVED,KENNETH I. SCHWARTZ & SON,CALIFORNIA,DONALD W LITTLEJOHN
C0417148,7/13/1961,FTB SUSPENDED,"JOHN HOLDERER AND SON, INC.",CALIFORNIA,
C0417227,7/14/1961,ACTIVE,NAT FEINN & SON,CALIFORNIA,BYRNE FINKLE
C0417337,7/18/1961,MERGED OUT,"SOSA & SON DISPOSAL SERVICE, INC.",CALIFORNIA,
C0418730,8/14/1961,FTB SUSPENDED,"KORDICK & SON, INC.",CALIFORNIA,MARTIN A KORDICK
C0418912,8/18/1961,DISSOLVED,HENRY WOLTERS & SON,CALIFORNIA,HENRY WOLTERS JR
C0419323,8/29/1961,FTB SUSPENDED,"ED. WOODWARD & SON, INC.",CALIFORNIA,
C0419668,9/1/1961,ACTIVE,"KRUSE AND SON, INC.",CALIFORNIA,STEVEN KRUSE
C0419804,9/5/1961,ACTIVE,J. SOSNICK & SON,CALIFORNIA,JEFFREY SOSNICK
C0419946,9/7/1961,DISSOLVED,"LOUIS KORNBLAU & SON, INC.",CALIFORNIA,LISA KORNBLAU
C0420874,9/29/1961,MERGED OUT,"MCCLEAN AND SON, INC.",CALIFORNIA,RICHARD A MCCLEAN
C0420893,9/29/1961,DISSOLVED,"M. B. STEVENSON & SON, INC.",CALIFORNIA,
C0421202,10/4/1961,FTB SUSPENDED,"WARD & SON, ELECTRICAL CONTRACTORS, INC.",CALIFORNIA,
C0421224,10/5/1961,FTB SUSPENDED,"GRAHAM AND SON, INC.",CALIFORNIA,
C0422264,10/23/1961,FTB SUSPENDED,"C. A. DAVIDSON & SON, INC.",CALIFORNIA,
C0422752,11/1/1961,FTB SUSPENDED,"J. FRANK AND SON, INC.",CALIFORNIA,JACK FRANK
C0424011,11/28/1961,FTB SUSPENDED,A. M. PASTEL AND SON,CALIFORNIA,PAUL PASTEL
C0424017,11/28/1961,FTB SUSPENDED,"A. D. GOODWIN & SON, INC.",CALIFORNIA,
C0425746,1/3/1962,ACTIVE,"W. S. PITMAN & SON, INC.",CALIFORNIA,DALE PITMAN
C0429055,3/7/1962,SURRENDER,"C. J. LANGENFELDER & SON, INC.",MARYLAND,
C0430329,3/29/1962,DISSOLVED,"SCOTT & SON INTERNATIONAL, INC.",CALIFORNIA,
C0431070,4/11/1962,MERGED OUT,"J. H. COFFMAN & SON, INC.",CALIFORNIA,WILLIAM L SCHANZ
C0431615,4/23/1962,DISSOLVED,FRANK H. AYRES & SON INSURANCE,CALIFORNIA,WAGNER PEDERSEN
C0434129,6/8/1962,ACTIVE,SON-VAY CORPORATION,CALIFORNIA,DIANA HIRST
C0435371,7/2/1962,FTB SUSPENDED,J A MC CLURE & SON INC,CALIFORNIA,
C0436098,7/13/1962,DISSOLVED,OSCAR L. CAVANAGH & SON CORPORATION,CALIFORNIA,
C0437965,8/22/1962,DISSOLVED,"W. E. BOLAND & SON, INC.",CALIFORNIA,ROBERT S. BOLAND
C0438642,9/7/1962,FTB SUSPENDED,WILLIAM KUHNS & SON MUSIC CO.,CALIFORNIA,
C0438964,9/17/1962,DISSOLVED,"EILER & SON, INC.",CALIFORNIA,WILLIAM C EILER
C0439386,9/26/1962,FTB SUSPENDED,WILLIAM PULISEVICH & SON,CALIFORNIA,THOMAS FREES
C0441043,10/30/1962,FTB SUSPENDED,"NORRIS & SON, INC.",CALIFORNIA,
C0441192,11/1/1962,FTB SUSPENDED,"SOHN & SON, INCORPORATED",CALIFORNIA,
C0441212,11/1/1962,DISSOLVED,MAURICE MELVIN & SON-INSURANCE INC.,CALIFORNIA,JEFFREY D MELVIN
C0441252,11/1/1962,DISSOLVED,"LERMAN & SON, INC.",CALIFORNIA,MAX SCHWARTZ
C0443692,1/2/1963,DISSOLVED,T JACOBONI & SON INC,CALIFORNIA,ORAETTA G JACOBONI
C0443778,1/2/1963,DISSOLVED,"BILL WOOD & SON PLASTERING CONTRACTORS, INCORPORATED",CALIFORNIA,
C0444758,1/21/1963,FTB SUSPENDED,"WAYNE BRAND & SON FARMS, INC.",CALIFORNIA,
C0446346,2/19/1963,DISSOLVED,"TOM HAMBEY & SON, INC.",CALIFORNIA,
C0446906,3/1/1963,ACTIVE,"FRANK B. MARKS & SON, INC.",CALIFORNIA,HENRY WILLIAM MARKS
C0447752,3/15/1963,DISSOLVED,"KIRKWOOD & SON, INC.",CALIFORNIA,JACK KIRKWOOD
C0448884,4/4/1963,FTB SUSPENDED,"A. KINSTLER & SON, INC., OAKLAND",CALIFORNIA,
C0448885,4/4/1963,FTB SUSPENDED,"A. KINSTLER & SON INC., SANTA CLARA",CALIFORNIA,
C0449281,4/11/1963,DISSOLVED,T O DANIELS & SON,CALIFORNIA,T O DANIELS III
C0450699,5/8/1963,FTB SUSPENDED,VUNCANNON & SON PLUMBING & HEATING,CALIFORNIA,
C0451002,5/15/1963,DISSOLVED,"GEORGE F. TROTTIER & SON, INC.",CALIFORNIA,ELMER G TROTTIER
C0451143,5/17/1963,FTB SUSPENDED,SON-PAK CORPORATION,CALIFORNIA,
C0451867,5/31/1963,FTB SUSPENDED,HUGH TAYLOR AND SON INC,CALIFORNIA,BOBBIE TAYLOR
C0452212,6/6/1963,FTB SUSPENDED,"J. L. BAILEY & SON, INC.",CALIFORNIA,JOE NICKELS
C0452368,6/10/1963,ACTIVE,"A. J. PADELFORD & SON, INC.",CALIFORNIA,DIANE I YOUNG
C0452623,6/14/1963,DISSOLVED,"BOB GIBBONS & SON, INC.",CALIFORNIA,PATTI GIBBONS
C0453529,7/1/1963,FTB SUSPENDED,"YARNELL & SON, INC.",CALIFORNIA,
C0453563,7/1/1963,FTB SUSPENDED,"MAX LEVINE AND SON, INC.",CALIFORNIA,SHIRLEY LEVINE
C0453719,7/3/1963,DISSOLVED,"CAMOZZI, SON & KAZ, INC.",CALIFORNIA,
C0454010,7/10/1963,ACTIVE,"SHELTON & SON, INC.",CALIFORNIA,MOLLY JO SHELTON
C0454477,7/17/1963,DISSOLVED,"A. RUD & SON, INC.",CALIFORNIA,GLENDON MISKEL
C0456925,8/30/1963,DISSOLVED,"PAUL J. HOLCOMB & SON, INC.",CALIFORNIA,MICHAEL J HOLCOMB
C0459478,10/18/1963,ACTIVE,S. N. WARD & SON,CALIFORNIA,JAMES WARD
C0459738,10/23/1963,FTB SUSPENDED,MARCUS YAHR & SON,CALIFORNIA,
C0459819,10/25/1963,DISSOLVED,E. J. ROCKENBACH & SON,CALIFORNIA,FRANCIS G WELTON
C0460220,11/1/1963,DISSOLVED,RUSS CLOVER & SON,CALIFORNIA,WESLEY B CLOVER
C0460355,11/4/1963,DISSOLVED,WILLIAM A. COOK & SON,CALIFORNIA,
C0460629,11/12/1963,FTB SUSPENDED,"PERRY & SON, INC.",CALIFORNIA,
C0460765,11/12/1963,SOS FORFEITED,"HARDESTY & SON, INC.",NEVADA,
C0462298,12/12/1963,DISSOLVED,"ADEN CLARKE & SON INVESTMENTS, INCORPORATED",CALIFORNIA,
C0465003,2/3/1964,DISSOLVED,EUGENE DEMPSEY & SON,CALIFORNIA,EARL E DEMPSEY
C0465009,2/3/1964,FTB SUSPENDED,"WATSON & SON, INC.",CALIFORNIA,
C0465604,2/14/1964,FTB SUSPENDED,A. H. BRACKEN AND SON,CALIFORNIA,
C0465743,2/18/1964,DISSOLVED,"JEWELL & SON PHARMACIES, INC.",CALIFORNIA,
C0465982,2/21/1964,FTB SUSPENDED,E W BROCK & SON INC,CALIFORNIA,GEORGE ZVERINA
C0469266,4/20/1964,DISSOLVED,"ED KRETZ & SON MOTORCYCLES, INC.",CALIFORNIA,"ED KRETZ, JR."
C0471116,5/20/1964,DISSOLVED,"L. H. EUBANK & SON, INC.",CALIFORNIA,MARIO ORNEDO
C0471366,5/26/1964,ACTIVE,"OPPERMAN & SON, INC.",CALIFORNIA,MARC S OPPERMAN
C0471955,6/3/1964,DISSOLVED,"LOUIS BROWN AND SON, INC.",CALIFORNIA,SHELDON BROWN
C0472971,6/19/1964,ACTIVE,"R. P. BROOKS & SON, INC.",CALIFORNIA,CAROLE A CAMPBELL
C0473252,6/26/1964,FTB SUSPENDED,WALTON AND SON CORPORATION,CALIFORNIA,
C0473345,6/29/1964,DISSOLVED,FRANK R. OLMO & SON,CALIFORNIA,EDWARD M DARDENNE
C0473766,7/1/1964,DISSOLVED,A. HYMAN & SON,CALIFORNIA,
C0473939,7/6/1964,FTB SUSPENDED,"JOHN MARTIN & SON BUILDERS, INC.",CALIFORNIA,
C0475725,8/6/1964,DISSOLVED,"WILLIAM ECONOMIDIS & SON, INC.",CALIFORNIA,HENRY G. IZUMO
C0477458,9/10/1964,DISSOLVED,ABBOTT & SON AUTO AND TRUCK LEASING,CALIFORNIA,FRANK ABBOTT
C0477475,9/10/1964,FTB SUSPENDED,"MOREGGIA & SON, INC.",CALIFORNIA,ANGELO CIFOLELLI
C0478095,9/23/1964,FTB SUSPENDED,"HENRY BEUVING & SON, INC.",CALIFORNIA,LAVERNE H BEUVING
C0481785,12/1/1964,FTB SUSPENDED,"GROVE & SON, INC.",CALIFORNIA,R A GROVE
C0482880,12/23/1964,DISSOLVED,"N. A. ARTUKOVICH & SON, INC.",CALIFORNIA,NICK ARTUKOVICH
C0483264,12/31/1964,ACTIVE,"R. A. KEARSLEY & SON, INC.",CALIFORNIA,RICHARD L KEARSLEY
C0483844,1/11/1965,DISSOLVED,"HARRY H. KOENIG & SON, A CORPORATION",CALIFORNIA,STUART A WRIGHT
C0484917,1/29/1965,FTB FORFEITED,K. SALTZMAN & SON INC.,NEW YORK,
C0486326,2/24/1965,DISSOLVED,C. E. BENT & SON,CALIFORNIA,MARGARET J BENT
C0486638,3/1/1965,FTB SUSPENDED,"RYAN AND SON, INC.",CALIFORNIA,
C0488389,3/30/1965,ACTIVE,CONTI & SON MONUMENT CO.,CALIFORNIA,EDUARDO B CORTEZ
C0489099,4/12/1965,DISSOLVED,JOHN C. MELLO & SON,CALIFORNIA,
C0489305,4/19/1965,FTB SUSPENDED,"ROBINSON & SON, INC.",CALIFORNIA,
C0489729,4/23/1965,DISSOLVED,JOE PERRY & SON INC,CALIFORNIA,JOSEPH PERRY
C0490439,5/7/1965,SURRENDER,"JAMES H. KINLEY & SON, INC.",NEW YORK,
C0491431,5/27/1965,FTB SUSPENDED,"R. R. YOUNG AND SON, INC.",CALIFORNIA,
C0493286,6/30/1965,DISSOLVED,"FRANK EVARONE & SON, INC.",CALIFORNIA,JOHN EVARONE
C0493296,6/30/1965,DISSOLVED,"PAUL W. BEGGS & SON, INC.",CALIFORNIA,ROBERT C. BEGGS
C0495260,8/9/1965,SOS/FTB SUSPENDED,"ELMER OLSON & SON, INC.",CALIFORNIA,ENRIQUE SANDOVAL
C0497111,9/16/1965,DISSOLVED,OLSON & SON,CALIFORNIA,DORIS L OLSON
C0497843,9/29/1965,ACTIVE,"JAMES FISHER & SON, INC.",CALIFORNIA,JAMES W FISHER
C0497909,9/30/1965,FTB SUSPENDED,"SON-NEL, INC.",CALIFORNIA,
C0498968,10/21/1965,DISSOLVED,"UNISERVICE-COLLISTER & SON, INC.",CALIFORNIA,
C0499678,11/5/1965,FTB SUSPENDED,"H. E. BOATMAN & SON, INC.",CALIFORNIA,WILLIAM DEVON BOATMAN
C0499869,11/10/1965,FTB SUSPENDED,G. A. HUTCHINSON & SON DRAYING,CALIFORNIA,
C0499882,11/10/1965,ACTIVE,M. CALOSSO & SON,CALIFORNIA,MICHAEL CALOSSO
C0499963,11/12/1965,DISSOLVED,"SALYER & SON, INC.",CALIFORNIA,
C0501076,12/8/1965,ACTIVE,"FRANK SCHIRO & SON, INCORPORATED",CALIFORNIA,FRANK RICHARD SCHIRO
C0502093,12/30/1965,DISSOLVED,"CLARK R. NYE & SON, INC.",CALIFORNIA,
C0502234,1/3/1965,ACTIVE,"SACRE & SON, INC.",CALIFORNIA,HEATHER ANNE VAN GORDER
C0502409,1/4/1966,FTB SUSPENDED,F E DIAS AND SON INC,CALIFORNIA,
C0502461,1/5/1966,FTB SUSPENDED,"R. C. SMITH & SON, INC.",CALIFORNIA,DOROTHEA HAAG
C0502497,1/5/1966,DISSOLVED,W. A. CORDOZA & SON,CALIFORNIA,"WILBURT A. CORDOZA, JR."
C0503217,1/19/1966,DISSOLVED,"WILSON & SON, INC.",CALIFORNIA,RAID GHOULI
C0503650,1/28/1966,DISSOLVED,"ROLAND J. PETERS & SON, INC.",CALIFORNIA,
C0506561,3/24/1966,DISSOLVED,ARIAS AND SON INVESTMENT COMPANY,CALIFORNIA,VINCENT E ARIAS
C0506801,3/29/1966,SOS/FTB SUSPENDED,E. D. LUCE & SON,CALIFORNIA,HARRIETT HANSON
C0509044,5/12/1966,MERGED OUT,"L. RITZNIK & SON, INC.",NEW YORK,
C0509710,5/26/1966,FTB SUSPENDED,SCHWIEN & SON,CALIFORNIA,ROGER C PETTETT
C0510162,6/3/1966,FTB SUSPENDED,"BEN SHIFFMAN AND SON, INC.",CALIFORNIA,
C0510962,6/20/1966,DISSOLVED,"ROY E. SMITH & SON, INC.",CALIFORNIA,
C0511723,7/5/1966,FTB SUSPENDED,"VIRGIL MASARIE & SON, INC.",CALIFORNIA,LOUIS VIRGIL MASARIE
C0512009,7/11/1966,DISSOLVED,JOHNSON & SON MANAGEMENT SERVICES INCORPORATED,CALIFORNIA,NINA KATHRYN JOHNSON
C0513214,8/3/1966,DISSOLVED,H. GOLDMAN & SON,CALIFORNIA,GERARD GOLDMAN
C0514183,8/25/1966,DISSOLVED,"C. L. STRATTON & SON, INC.",CALIFORNIA,CHARLES V LEIMBACH
C0514389,8/30/1966,FTB SUSPENDED,"F. J. GILPATRIC & SON, INC.",CALIFORNIA,ROBERT BARBIERI
C0514559,9/1/1966,FTB SUSPENDED,"L. H. BLACK & SON, A CORPORATION",CALIFORNIA,RICHARD BLACK
C0515049,9/14/1966,ACTIVE,"J. W. PEACOCK & SON, INCORPORATED",CALIFORNIA,THOMAS V. PEACOCK
C0515518,9/23/1966,ACTIVE,"JAMES A. CLARK & SON, INC.",CALIFORNIA,MICHAEL J CLARK
C0517104,10/26/1966,MERGED OUT,"BOB JACKSON AND SON, INC.",CALIFORNIA,ROBERT R JACKSON
C0517612,11/4/1966,SOS/FTB SUSPENDED,AIR-SON INC.,CALIFORNIA,DAVID ST JOHN
C0517718,11/9/1966,FTB SUSPENDED,"PARKS & SON, INC.",CALIFORNIA,
C0517759,11/9/1966,MERGED OUT,SON-RAD INC.,CALIFORNIA,
C0518559,11/29/1966,FTB SUSPENDED,"M. SARNA & SON, INCORPORATED",CALIFORNIA,GARY SARNA
C0518728,12/2/1966,FTB SUSPENDED,J D PHILLIPS AND SON INC,CALIFORNIA,JOHN F SHIPSTON SR
C0518955,12/8/1966,DISSOLVED,"J. M. BUCKLEY & SON, INC.",CALIFORNIA,BRUCE B SAUNDERS
C0519927,1/14/1970,DISSOLVED,"A. F. ADCOCK & SON CEMENT CONTRACTOR, INC.",CALIFORNIA,E WINSTON ADCOCK
C0520467,1/11/1967,FTB SUSPENDED,R. F. JOHNSON & SON,CALIFORNIA,
C0521329,1/30/1967,FTB SUSPENDED,"W. A. RAPP & SON MFG. CO., INC.",CALIFORNIA,W. A. RAPP
C0522503,2/23/1967,SOS/FTB SUSPENDED,"CASTRO & SON, INC.",CALIFORNIA,ANTHONY CASTRO
C0522637,2/28/1967,FTB SUSPENDED,"MOORE & SON, INC.",CALIFORNIA,
C0523339,3/13/1967,DISSOLVED,"E. G. HELLER'S SON, INTERNATIONAL",CALIFORNIA,
C0523934,3/23/1967,FTB FORFEITED,"WM. LESTER PRITCHETT & SON, INC., GENERAL CONTRACTORS",ARIZONA,
C0525176,4/17/1967,FTB SUSPENDED,"TASSANO & SON, INCORPORATED",CALIFORNIA,
C0525276,4/18/1967,FTB SUSPENDED,E NICHOLAS & SON INC,CALIFORNIA,
C0527408,5/29/1967,FTB SUSPENDED,"ED BLACKMAN & SON PLUMBING, INC.",CALIFORNIA,HARRY E BLACKMAN II
C0528255,6/15/1967,FTB SUSPENDED,FATHER AND SON GET-TO-GETHERS,CALIFORNIA,
C0529096,6/29/1967,DISSOLVED,AL TERRENCE & SON,CALIFORNIA,
C0529219,7/3/1967,DISSOLVED,"JAMES S. STOKES & SON, INC.",CALIFORNIA,RICHARD J STOKES
C0529547,7/3/1967,DISSOLVED,MORGAN DAVIS & SON,CALIFORNIA,MORGAN D DAVIS
C0529749,7/13/1967,DISSOLVED,"GEORGE KESSLER AND SON, INC.",CALIFORNIA,
C0529875,7/17/1967,FTB SUSPENDED,"CAROLINE & SON DEVELOPMENT COMPANY, INC.",CALIFORNIA,
C0529987,7/18/1967,DISSOLVED,"HERB MEYER & SON, INC.",CALIFORNIA,HERBERT C MEYER
C0530656,8/1/1967,DISSOLVED,"SON-JACKS, INC.",CALIFORNIA,JACK H SMITH
C0534614,10/17/1967,DISSOLVED,GRAHAM ELLIOTT & SON,CALIFORNIA,
C0535623,11/3/1967,FTB SUSPENDED,"SCHLOCKER AND SON, INC.",CALIFORNIA,DAVID ROGER SCHLOCKER
C0535643,11/6/1967,FTB FORFEITED,"HAINES & SON DISTRIBUTING, INC.",ARIZONA,CHARLES A PINNEY JR
C0536303,11/20/1967,DISSOLVED,"RUSSI & SON, INC.",CALIFORNIA,ROBERT A RUSSI
C0537149,12/7/1967,DISSOLVED,"KIRCHNER & SON, INC.",CALIFORNIA,G W KIRCHNER JR
C0539107,1/15/1968,SURRENDER,"A. P. DESANNO & SON, INC.",PENNSYLVANIA,
C0539294,1/17/1968,FTB SUSPENDED,"DORCHESTER AND SON, LTD.",CALIFORNIA,
C0543390,4/1/1968,FTB SUSPENDED,"VAN HORN & SON, INC.",CALIFORNIA,
C0543568,4/4/1968,FTB SUSPENDED,KILLEN & SON LIVESTOCK TRANSPORTATION,CALIFORNIA,
C0545619,5/10/1968,ACTIVE,R. S. MILES & SON CORP.,CALIFORNIA,"RICHARD S MILES, III"
C0546790,5/31/1968,ACTIVE,"ELDON H. SMITH & SON, INC.",CALIFORNIA,DON A SMITH
C0546807,6/3/1968,DISSOLVED,"THOMAS, FRAN & SON, INC.",CALIFORNIA,MARY BACCARO
C0548178,6/25/1968,DISSOLVED,"BLAIR & SON INSURANCE AGENCY, INC.",CALIFORNIA,ROBERT E SCHAFFER
C0548710,7/3/1968,ACTIVE,"ALVIN GOLDBERG AND SON, INC.",CALIFORNIA,RENWICK GOLDBERG
C0550478,8/2/1968,FTB SUSPENDED,"VOLK & SON MFG. CO., INC.",CALIFORNIA,HENRY J VOLK
C0550915,8/8/1968,FTB SUSPENDED,"DAVID F. WALLS & SON, INC.",CALIFORNIA,
C0552401,9/4/1968,DISSOLVED,"BIG JOHN A. STRONG & SON, INC.",CALIFORNIA,GUDRUN G STRONG
C0553084,9/16/1968,FTB SUSPENDED,"CARL L. SCHANIEL & SON, INC.",CALIFORNIA,
C0553757,9/27/1968,DISSOLVED,BERT LOVELL & SON,CALIFORNIA,CHUCK A WARFIELD
C0554471,10/7/1968,FTB SUSPENDED,"KEOPPEL & SON, INC.",CALIFORNIA,
C0554481,10/7/1968,FTB SUSPENDED,"BUGNA & SON, INC.",CALIFORNIA,
C0555131,10/16/1968,FTB SUSPENDED,"MORRIS CHRISTENSEN AND SON, INC.",CALIFORNIA,
C0556330,11/4/1968,MERGED OUT,"THOMAS & SON DISPOSAL, INC.",CALIFORNIA,
C0558061,12/3/1968,ACTIVE,"SON 142, INC.",CALIFORNIA,PAMELA LEWIS
C0558923,12/17/1968,FTB SUSPENDED,"L. CASTILLO & SON, INC.",CALIFORNIA,
